{"GPU Memory Usage (MB)":3132.744140625,"_step":24994,"MAX GPU Memory Usage (MB)":4170.27099609375,"iteration":4999,"total_loss":0.06200883910059929,"l1_loss":0.04016181081533432,"iter_time":40.639488220214844,"_timestamp":1.7278683725510333e+09,"_wandb":{"runtime":265},"_runtime":251.174367239}