{"total_loss":0.03894828259944916,"MAX GPU Memory Usage (MB)":5709.64892578125,"total_memory_usage":1.0641006477783203e+08,"total_training_time":4656.829316616058,"_wandb":{"runtime":5029},"scene/opacity_histogram":{"_type":"histogram","values":[420660,305362,198794,137977,101556,78133,63583,52403,44052,38581,33559,30324,27120,24376,22374,20604,19460,17991,17120,15951,15075,14539,13831,13083,12633,12145,11907,11500,11009,10880,10448,10268,9999,9765,9584,9513,9329,9523,9330,9233,9290,9366,9363,9398,9183,9491,9534,9895,10183,10387,10866,11579,11767,12490,13495,14752,16272,18507,21256,25496,32554,43964,64862,99393],"bins":[0.0015516416169703007,0.017152396962046623,0.03275315463542938,0.048353906720876694,0.0639546662569046,0.07955542206764221,0.09515617787837982,0.11075693368911743,0.12635768949985504,0.14195844531059265,0.15755920112133026,0.17315995693206787,0.18876071274280548,0.2043614685535431,0.2199622243642807,0.2355629801750183,0.2511637210845947,0.26676449179649353,0.28236523270606995,0.29796600341796875,0.31356674432754517,0.32916751503944397,0.3447682559490204,0.3603690266609192,0.3759697675704956,0.3915705382823944,0.4071712791919708,0.42277204990386963,0.43837279081344604,0.45397356152534485,0.46957430243492126,0.48517507314682007,0.5007758140563965,0.5163765549659729,0.5319773554801941,0.5475780963897705,0.5631788372993469,0.5787795782089233,0.5943803787231445,0.609981119632721,0.6255818605422974,0.6411826014518738,0.656783401966095,0.6723841428756714,0.6879848837852478,0.7035856246948242,0.7191864252090454,0.7347871661186218,0.7503879070281982,0.7659886479377747,0.7815894484519958,0.7971901893615723,0.8127909302711487,0.8283916711807251,0.8439924716949463,0.8595932126045227,0.8751939535140991,0.8907946944236755,0.9063954949378967,0.9219962358474731,0.9375969767570496,0.953197717666626,0.9687985181808472,0.9843992590904236,1]},"l1_loss":0.025578465312719345,"_timestamp":1.7279242904653563e+09,"GPU Memory Usage (MB)":3849.1279296875,"_step":150014,"total_points":2386917,"iter_time":57.97785568237305,"scene/render_table_30000":{"path":"media/table/scene/render_table_30000_150009_d4a9840f12550338e6bb.table.json","ncols":4,"nrows":5,"_type":"table-file","sha256":"d4a9840f12550338e6bbaec343fdf6b65f7f41dc432268cf4896032bf815853c","size":317,"artifact_path":"wandb-client-artifact://wu58cx76fl4ke5ssq4b6peke63ff98a65gw0yv2xaxa39sqtkr6djyx0p8243ljd4ibrfidi6eg2aptllbs6oci3vxebscgw64mzlsrrhm1ww8crl77q98h6hjcnhhqn/scene/render_table_30000.table.json","_latest_artifact_path":"wandb-client-artifact://nazn5lw9cyhic3p7l4bm2ro3b2rvsjxr7evyqueruumsjdm7pxo4qwuv7ajfltl3n28hyreic4wh60sndl04steakjb0zw7yej54rcmvuhczemwggnhodc5lr1ol1w7h:latest/scene/render_table_30000.table.json"},"scene/render_table_15000":{"ncols":4,"nrows":5,"_type":"table-file","sha256":"71e8ec188346774bc8ddaafc7ecd5d8feea2e4090f201d08d4c5a4d2c0a04993","size":317,"artifact_path":"wandb-client-artifact://5ntcehbdwixxz5jkmj2tc3y9n8cdw0g5yc428n4h64cup56o30b6bcv34k45r381x8bhd4uyvsvsda2i850hsuq2rpr44jufvz7ws8jj5bz1hn03buy1ku2hzqb8ked8/scene/render_table_15000.table.json","_latest_artifact_path":"wandb-client-artifact://nr2iysvgezabxkeptwx9qlj3ssy6735acq7em70syzmmxnh0pdpirmvkk7j4nc63376bv0sputihh0n9uh56kgclcewim1bbohl0zxfi7vm68p13mwr5j6568d1ynbh9:latest/scene/render_table_15000.table.json","path":"media/table/scene/render_table_15000_75006_71e8ec188346774bc8dd.table.json"},"_runtime":5029.383017122,"scene/render_table_7000":{"_latest_artifact_path":"wandb-client-artifact://c3mcq08e4ulh6s4m8upzl66pw638a5jm1uznxp8gd2sqaypuzgny627l7fgy1hv75eor21shvowt5uwow0pl4ezhbkgmbrmd03y7cchzwgya69ufxkmmnyyex9cticnu:latest/scene/render_table_7000.table.json","path":"media/table/scene/render_table_7000_35000_d217df5fce0477e74cff.table.json","ncols":4,"nrows":5,"_type":"table-file","sha256":"d217df5fce0477e74cff25669ccf9fac4e2ed363038de3bf995cef7090a71be3","size":312,"artifact_path":"wandb-client-artifact://1y0sxhi3ovyf2oxp37eft0i0b2pg4od9zbj6284do7iu8ys0wjz37ip43jyu8qoi40he1div1fwttsnn4jwwky3f2kd1jho0782qccf76jsydlbys7re6e7vgyeyg8jw/scene/render_table_7000.table.json"},"scene/render_table_10000":{"ncols":4,"nrows":5,"_type":"table-file","sha256":"f7ca741319abc663f282b817faf050d051783f537bc573121f88494bfb8de21f","size":317,"artifact_path":"wandb-client-artifact://8cajb6k4rpdzo6xoq3k8orwiiu8x1vg8ls5irf6klfrojhha0x9toiunlipqj7vs2r9y6uludrgzi40u1pnnegwflcrep9vpgfb27ji3ak3c2bdgw7bktp44ktt58gih/scene/render_table_10000.table.json","_latest_artifact_path":"wandb-client-artifact://nc2g1b3pbll16cxs1n6x34p61qbw55lm1mrvox2fh0iti43g02dtg4g8mjdocte5mh7bkhsgijd4xa4je15sn4isrhrdy9dijb0vyuamiydd7rslkp7f7yy3ui3sicvk:latest/scene/render_table_10000.table.json","path":"media/table/scene/render_table_10000_50003_f7ca741319abc663f282.table.json"},"iteration":30000,"avg_memory_usage":3547.002159261068}